sku,product_online,url_key,meta_title,meta_keywords,meta_description
FSEP3402-B3,1,acacia-blonde,Acacia Blonde Hardwood Flooring For Sale | Unique Wood Floors,,"Shop Acacia Blonde hardwood flooring from Unique Wood Floors. Easy Online Ordering!
"
FSEP3402-HS5,1,acacia-natural-hand-scraped,Acacia Natural Hand Scraped Solid Hardwood Flooring | Unique Wood Floors,,"Shop Acacia Natural Hand Scraped hardwood flooring from Unique Wood Floors. Easy Online Ordering!
"
FSEP3402-N3,2,acacia-golden-sagebrush,Acacia Golden Sagebrush Strip Hardwood Flooring,,"Shop Acacia Golden Sagebrush Strip hardwood flooring from Unique Wood Floors. Easy Online Ordering!
"
FSEP3402-HSA5,2,acacia-golden-sagebrush-hand-scraped,Acacia Golden Sagebrush Hand Scraped Hardwood Flooring,,"Shop Acacia Golden Sagebrush Hand Scraped hardwood flooring from Unique Wood Floors. Easy Online Ordering!
"
FSEP3402-GS358,1,acacia-golden-sagebrush-plank,Acacia Golden Sagebrush Plank Hardwood Flooring,,"Shop Acacia Golden Sagebrush Plank hardwood flooring from Unique Wood Floors. Easy Online Ordering!
"
FSTL3458-N4,1,brazilian-oak-amendoim,Amendoim Hardwood Flooring | Brazilian Oak Flooring,,Shop Amendoim hardwood flooring from Unique Wood Floors. Easy Online Ordering!
FSTL3461-N4,1,brazilian-pecan-macchiato,"Brazilian Macchiato Pecan Hardwood Flooring | Prefinished Solid Hardwood Floors, Elegance Plyquet Wood Flooring | Unique Wood Floors",,
FSKY3412-N3D,1,brazilian-teak-dark,"Cumaru Dark Brazilian Teak Hardwood Flooring | Prefinished Solid Hardwood Floors, Elegance Plyquet Wood Flooring | Unique Wood Floors",,
EPCU34-N314,1,brazilian-teak-cumaru-natural,"Cumaru Natural Brazilian Teak Hardwood Flooring | Prefinished Solid Hardwood Floors, Elegance Plyquet Wood Flooring | Unique Wood Floors",,
FSEP3402-N358,1,acacia-natural-plank,Acacia Natural Plank Hardwood Flooring | Unique Wood Floors,,"Shop Acacia Natural Plank hardwood flooring from Unique Wood Floors. Easy Online Ordering!
"
FSEP3402-BZ358,1,acacia-bronze-plank,Acacia Bronze Plank Hardwood Flooring | Unique Wood Floors,,"Shop Acacia Bronze Plank hardwood flooring from Unique Wood Floors. Easy Online Ordering!
"
FSEP3481-BG5,2,pometia-taun,"Modern Collection Burgundy Hardwood Flooring | Prefinished Solid Hardwood Floors, Elegance Plyquet Wood Flooring | Unique Wood Floors",,
FSTL3451-N4,1,brazilian-cherry-strip,"Brazilian Cherry Flooring | Prefinished Solid Hardwood Floors, Elegance Plyquet Wood Flooring | Unique Wood Floors",,
FSEP3404-CP358,2,acacia-champagne-plank,"Acacia Champagne Plank Hardwood Flooring | Acacia Mangium Prefinished Solid Hardwood Floors, Elegance Plyquet Wood Flooring | Unique Wood Floors",,The Acacia Champagne Plank wood floor is a walnut hardwood floor harvested in Asia from the beautiful Acacia Mangium species. Shop hardwood floors online.
SOLTW314S,1,tigerwood-plank,Triangulo Tigerwood | Prefinished Solid Hardwood Floors | Unique Wood Floors,,
FSTL3452-N325R ,2,tigerwood-strip,Tigerwood Strip Hardwood Flooring | Prefinished Solid Hardwood Floors | Elegance Plyquet,,
FSTL3455-N325,2,ipe,"Ipe (Brazilian Walnut) Hardwood Flooring | Prefinished Solid Hardwood Floors, Elegance Plyquet Wood Flooring | Unique Wood Floors",,
FSEP3404-HS5MC,2,acacia-mocha-hand-scraped,"Acacia (Asian Walnut) Mocha Hand Scraped Hardwood Flooring | Hand Scraped Wood Floors, Prefinished Solid Hardwood Floors | Unique Wood Floors",,Dark Acacia Mocha Hand Scraped hardwood floors bring both comfort and style into your home. Shop hand scraped wood floors online.
FSEP3404-MC358,2,acacia-mocha-plank,"Acacia (Asian Walnut) Mocha Plank Hardwood Flooring | Prefinished Solid Hardwood Floors, Elegance Plyquet Wood Flooring | Unique Wood Floors",,Our Acacia Mocha Plank wood flooring is certain to captivate visitors and is guaranteed to complement any home design. Shop Acacia wood flooring online.
FSEP3402-X3G,2,acacia-sagebrush-uni,Acacia Golden Sagebrush Hardwood Flooring,,"Shop Acacia Golden Sagebrush hardwood flooring from Unique Wood Floors. Easy Online Ordering!
"
FSEP3481-GR5,2,pometia-graphite,"Modern Collection Graphite Hardwood Flooring | Prefinished Solid Hardwood Floors, Elegance Plyquet Wood Flooring | Unique Wood Floors",,
TKAT20130075,1,vintage-noir,Vintage Noir Flooring | Prefinished Engineered Hardwood Floors | TEKA,,
FSEP3402-X3N,2,acacia-natural-herringbone,Acacia Natural Herringbone Hardwood Flooring | Unique Wood Floors,,"Shop Acacia Natural Herringbone hardwood flooring from Unique Wood Floors. Easy Online Ordering!
"
FSEP3404-HS5CP,2,acacia-champagne-hand-scraped,"Acacia (Asian Walnut) Champagne Hand Scraped Hardwood Flooring | Hand Scraped Wood Flooring, Prefinished Solid Hardwood Floors | Unique Wood Floors",,Acacia Champagne Hand Scraped wood flooring contains a balanced blend of dark and light shades of brown. Shop hand scraped hardwood floors online.
TKAT20011060,1,vintage-ivory,Vintage Ivory Flooring | Prefinished Engineered Hardwood Floors | TEKA,,
TKAT20050023,1,vintage-canyon,Vintage Canyon Flooring | Prefinished Engineered Hardwood Floors | TEKA,,
TKAT20050019,1,vintage-costa,Vintage Costa Flooring | Prefinished Engineered Hardwood Floors | TEKA,,
TKAT20011020,1,vintage-ebony,Vintage Ebony Flooring | Prefinished Engineered Hardwood Floors | TEKA,,
TKAT50136,1,vintage-honey,Vintage Honey Flooring | Prefinished Engineered Hardwood Floors | TEKA,,
TKAT50135,2,vintage-sea-fog,Vintage Sea Fog Flooring | Prefinished Engineered Hardwood Floors | TEKA,,
ACC5000QC100,1,quiet-cure-ultraseal-underlayment,Quiet Cure UltraSeal High-performance Acoustical Underlayment | Wood Floor Underlayment,,
FEMH91612-N5C,2,american-collection-walnut,American Collection Walnut Flooring | Prefinished Engineered Hardwood Floors | Elegance Plyquet,,
FSMH3411-N314,2,american-collection-hickory,American Collection Hickory Hardwood Flooring | Hickory Wood Floors | Elegance Plyquet Flooring,,Shop American Collection Hickory hardwood flooring from Unique Wood Floors. Easy Online Ordering!
FSEP3402-SS358,2,acacia-sunset-plank,"Acacia (Asian Walnut) Sunset Plank Hardwood Flooring | Prefinished Solid Hardwood Floors, Elegance Plyquet Wood Flooring | Unique Wood Floors",,
LAM-ACW,2,acacia-walnut-laminate,Acacia Walnut Laminate Flooring | Prefinished Laminate Floors | Hallmark,,
LAM-ACL,2,acacia-light-laminate,Acacia Light Laminate Flooring | Prefinished Laminate Floors | Hallmark,,"Acacia Light Laminate flooring mimics the textured, patterned look of real hardwood flooring with the functional perks of laminate flooring. Browse online."
CT312M-1,1,centurion-collection-maple,Centurion Collection Maple Flooring | Prefinished Engineered Hardwood Floors | Centurion Collection,,
FETK1212M90,2,centurion-collection-hickory,Centurion Collection Hickory Flooring | Prefinished Engineered Hardwood Floors | Centurion Collection,,
FETK3402-N7O,2,millennium-hickory-oiled-hand-scraped,"Millennium Hickory UV-Oiled Hand Scraped Flooring | Hand Scraped Wood Floors, Prefinished Engineered Hardwood Floors | Unique Wood Floors",,
FETK3403-N5OSM,2,millennium-walnut-oiled,"Millennium Walnut Oiled Natural Hand Scraped Hardwood Flooring | Walnut Wood Floors, Oiled Walnut Flooring",,"Shop Millennium Walnut Oiled Natural Hand Scraped hardwood walnut flooring from Unique Wood Floors. Easy Online Ordering!
"
FDSSWBS80MCL,2,strandwoven-bamboo-caramel-engineered,Caramel Bamboo Ply Flooring | Prefinished Bamboo Floors | Dasso,,
ACC5000FM100,1,floormuffler-ultraseal-underlayment,Floor Muffler UltraSeal High-performance Acoustical Underlayment | Wood Floor Underlayment | Unique Wood Floors,,
SPLINE,1,spline-slip-tongue,Spline Slip Tongue | Wood Floor Tongue | Unique Wood Floors,,
SPLINE1116,1,spline-slip-tongue-11-16-x-48,,,
TEKA480051035,2,park-collection-hevea-everglades,Park Collection Hevea Everglades Flooring | Unique Wood Floors,,
TEKA480051040,2,park-collection-hevea-salinas,Park Collection Hevea Salinas Flooring | Engineered Hardwood Flooring | TEKA,,
FEHARO527356,2,haro-strip-prestige-oak-barrique,Haro Strip Prestige Oak Barrique Flooring | Enigeered Hardwood Flooring | Haro,,
SPLINE34,1,spline-slip-tongue-3-4-x-48,,,
ACC5004SP,1,silicone-vapor-shield-underlayment,Vapor Shield Paper Underlayment | Wood Floor Underlayment | Unique Wood Floors,,
 ACCWOCA1SN,2,woca-soap-natural,Woca Soap Natural | Floor Care | Unique Wood Floors,,
ACCWOCA511010A,2,woca-soap-natural-1-liter,Woca Soap Natural | Floor Care | Unique Wood Floors,,
ACCWOCA511025A,2,woca-soap-natural-2-5-liter,Woca Soap Natural | Floor Care | Unique Wood Floors,,
ACCWOCAWS,2,woca-soap-white,Woca Soap White | Floor Care | Unique Wood Floors,,
ACCWOCA511110A,2,woca-soap-white-1-liter,Woca Soap White | Floor Care | Unique Wood Floors,,
ACCWOCA511125A,2,woca-soap-white-2-5-liter,Woca Soap White | Floor Care | Unique Wood Floors,,
 ACCWOCA510901A,2,woca-soap-spray-white,Woca Soap Spray White | Floorcare | Unique Wood Floors,,
 ACCWOCA510900A,2,woca-soap-spray-natural,Woca Soap Spray Natural | Floorcare | Unique Wood Floors,,
 ACCWOCA527802A,2,woca-maintenance-gel-natural,Woca Maintenance Gel Natural | Floorcare | Unique Wood Floors,,
FEMH91612-N5C-SAMPLE,2,american-collection-walnut-sample,,,
FSMH3411-N314-SAMPLE,1,american-collection-hickory-sample,,,
FSEP3402-HSA5-SAMPLE,2,acacia-acacia-golden-sagebrush-hand-scraped-sample,,,
FSEP3402-B3-SAMPLE,2,acacia-blonde-sample,,,
FSEP3402-HS5-SAMPLE,1,acacia-natural-hand-scraped-sample,,,
FSEP3402-GS358-S,2,acacia-golden-sagebrush-plank-sample,,,
FSTL3458-N4-SAMPLE,1,amendoim-sample,,,
FSTL3461-N4-SAMPLE,1,brazilian-pecan-sample,,,
FSKY3412-N3D-SAMPLE,2,cumaru-dark-sample,,,
EPCU34-N314-S,1,cumaru-natural-sample,,,
FSEP3402-N358-SAMPLE,1,acacia-natural-plank-sample,,,
FSEP3402-BZ358-SAMPLE,1,acacia-bronze-plank-sample,,,
FSEP3481-BG5-SAMPLE,1,modern-collection-burgundy-sample,,,
FSTL3451-N4-SAMPLE,2,brazilian-cherry-sample,,,
SOLTW314S-S,1,tigerwood-plank-sample,,,
FSTL3455-N325-SAMPLE,2,ipe-brazilian-walnut-sample,,,
FSEP3404-HS5MC-SAMPLE,2,acacia-mocha-hand-scraped-sample,,,
FSEP3404-358MC-SAMPLE,2,acacia-mocha-plank-sample,,,
FSEP3402-X3G-SAMPLE,2,acacia-golden-sagebrush-uni-length-sample,,,
FSEP3481-MC5-SAMPLE,1,modern-collection-malaccan-cherry-sample,,,
FSEP3481-GR5-SAMPLE,2,modern-collection-graphite-sample,,,
TKAT20130075-SAMPLE,2,vintage-noir-sample,,,
FSEP3402-X3N-SAMPLE,2,acacia-natural-herringbone-sample,,,
FSEP3404-HS5CP-SAMPLE,2,acacia-champagne-hand-scraped-sample,,,
TKAT20130071-SAMPLE,2,vintage-alaska-sample,,,
TKAT20011060-SAMPLE,2,vintage-ivory-sample,,,
TKAT20050023-SAMPLE,2,vintage-canyon-sample,,,
TKAT20050019-SAMPLE,2,vintage-costa-sample,,,
TKAT20011020-SAMPLE,2,vintage-ebony-sample,,,
TKAT50136-SAMPLE,2,vintage-honey-sample,,,
CORK490433 ,2,milan-natural,Milan Natural Cork Flooring | Prefinished Engineered Floors | Ipocork,,
TKAT50135-SAMPLE,2,vintage-sea-fog-sample,,,
FSEP3402-HSS5-SAMPLE,2,acacia-sunset-hand-scraped-sample,,,
FSEP3402-SS358-SAMPLE,2,acacia-sunset-plank-sample,,,
LAM-ACW-SAMPLE,2,acacia-walnut-laminate-sample,,,
LAM-ACL-SAMPLE,2,acacia-light-laminate-sample,,,
EP12C-N35-SAMPLE,1,centurion-maple-sample,,,
FETK3402-N7O-SAMPLE,2,millennium-hickory-oiled-hand-scraped-sample,,,
EP3405-SM475-SAMPLE,2,boardwalk-smoked-sample,,,
LAM-ACN-SAMPLE,2,acacia-natural-laminate-sample,,,
FDSSWBS80MCL-SAMPLE,2,strandwoven-bamboo-caramel-engineered,,,
FSKY3402-3W-SAMPLE,2,acacia-burnished-leather-sample,,,
TEKA480051035-SAMPLE,2,park-collection-hevea-everglades-sample,,,
TEKA480051030-SAMPLE,2,park-collection-hevea-yosemite-sample,,,
TEKA480051040-SAMPLE,2,park-collection-hevea-salinas-sample,,,
TEKA1219QKHS125-SAMPLE,2,hevea-mahogany-hand-scraped-sample,,,
CORK490433-SAMPLE,2,milan-natural-sample,,,
FEHARO527318,1,haro-strip-prestige-antique-brown,Haro Strip Prestige Antique Brown Flooring | Enigeered Hardwood Flooring | Haro,,
FEHARO527318-SAMPLE,1,haro-strip-prestige-antique-brown-sample,,,
FEHARO527317,2,haro-strip-prestige-cognac-brown,Haro Strip Prestige Cognac Brown Flooring | Enigeered Hardwood Flooring | Haro,,
FEHARO527317-SAMPLE,2,haro-strip-prestige-antique-cognac-brown,,,
FEHARO527356-SAMPLE,2,haro-strip-prestige-antique-oak-barrique,,,
FEHARO527315,1,haro-strip-prestige-mareno-dark-brown,Haro Strip Prestige Dark Brown Flooring | Enigeered Hardwood Flooring | Haro,,
FEHARO527315-SAMPLE,1,haro-strip-prestige-antique-dark-brown,,,
FETK91652,2,red-oak-idealloc,Red Oak IdealLoc Flooring | Prefinished Engineered Hardwood Floors | TEKA,,
FETK91652-SAMPLE,2,red-oak-idealloc-sample,,,
FETK91653,2,american-cherry-loc,American Cherry Loc Flooring | Prefinished Engineered Hardwood Floors | TEKA,,
FETK91653-SAMPLE,2,american-cherry-loc-sample,,,
DuChateau-ACC-Oil,1,duchateau-maintenance-oil-clear,DuChateau Maintenance Oil Clear | Floorcare | DeChateau,,
DuChateau-ACC-Cleaner,1,duchateau-parquet-cleaner-and-protectant,DuChateau Premium Cleaner | Floorcare | DeChateau,,
FCSTRIPED,2,line-art-cork,Line Art Cork Flooring | Prefinished Engineered Cork Floors | Ipocork,,
FCBURLED,1,riga-burled-cork,Riga Burled Cork Flooring | Prefinished Engineered Cork Floors | Ipocork,,
FCSTRIPED-SAMPLE,2,line-art-cork-sample,,,
FCBURLED-SAMPLE,2,riga-burled-cork-sample,,,
CORK490435,2,milan-coffee,Milan Coffee Cork Flooring | Prefinished Engineered Cork Floors | Ipocork,,
SNFM,1,stair-nose-flush-mount,Stair Nose Flush Mount | Unique Wood Floors,,
CORK490436,2,milan-chestnut,Milan Chestnut Cork Flooring | Prefinished Engineered Cork Floors | Ipocork,,
EPAF18STN48,1,stair-nose-flush-acacia,,,
EPAF18STN48-HSN,1,stair-nose-flush-mount-3-4-x-3-1-8-x-48-acacia-natural-hand-scraped,,,
EPAF18STN48-GS,2,stair-nose-flush-mount-3-4-x-3-1-8-x-48-acacia-golden-sagebrush,,,
TLEXStN48-Tigerwood,1,stair-nose-flush-mount-3-4-x-3-1-8-x-78-tigerwood,,,
OLRD,1,reducer-overlap,Reducer Overlap | Transition Molding for Wood Flooring | Elegance Plyquet Transition Moldings | Unique Wood Floors,,
TM-Maple,1,reducer-overlap-maple,Maple Overlap Reducer | Unique Wood Floors,,
CORK490434,2,milan-vanilla,Milan Vanilla Cork Flooring | Prefinished Engineered Cork Floors | Ipocork,,
FMRD,1,reducer-flush-mount,Reducer Flush Mount | Unique Wood Floors,,
SQN,1,square-nose,Square Nose | Unique Wood Floors,,
EPAFSqN,1,square-nose-acacia-natural,Acacia Square Nose | Unique Wood Floors,,
EPAFSqN-GS,2,square-nose-acacia-golden-sagebrush,Square Nose | Transition Molding | Elegance Plyquet,,
TMO,1,t-mold,T-Mold | Unique Wood Floors,,
EPAFTM48,1,t-mold-48-acacia-natural,Acacia T-moldAcacia T-mold | Unique Wood Floors,,
SWB003,1,standard-baseboard,Standard Baseboard | Wood Floor Wall Base | Unique Wood Floors,,
SWB-N-White Primed Poplar,1,standard-baseboard-white-primed-poplar,Standard Baseboard | Transition Molding | Elegance Plyquet,,
VRSM,1,vent-register-surface-mount-prefinished,Surface Mount Vent | Unique Wood Floors,,
VENTSM-412MP,1,vent-register-surface-mount-prefinished-4-x-12-maple,Maple Surface Vent  | Unique Wood Floors,,
VENT,1,vent-register-flush-mount-prefinished,Flush Mount Vent | Unique Wood Floors,,
AFVENT34FL412N,1,vent-register-flush-mount-prefinished-4-x-12-acacia-natural,Acacia Flush Vent  | Unique Wood Floors,,
AFVENT34FL-412GS,2,vent-register-flush-mount-prefinished-4-x-12-acacia-golden-sagebrush,Acacia Sagebrush Flush Vent | Unique Wood Floors,,
TLEXVENT-Tigerwood,1,vent-register-flush-mount-prefinished-4-x-12-tigerwood,Tigerwood Flush Vent | Unique Wood Floors,,
CORK490332,2,lisbon-chestnut, Lisbon Chestnut Cork Flooring | Prefinished Engineered Cork Floors | Ipocork,,
CORK490251,1,lisbon-coffee, Lisbon Coffee Cork Flooring | Prefinished Engineered Cork Floors | Ipocork,,
CORK490250,1,lisbon-creme, Lisbon Creme Cork Flooring | Prefinished Engineered Cork Floors | Ipocork,,
CORK490247,1,lisbon-natural, Lisbon Natural Cork Flooring | Prefinished Engineered Cork Floors | Ipocork,,
CORK49033,1,lisbon-onyx, Lisbon Onyx Cork Flooring | Prefinished Engineered Cork Floors | Ipocork,,
FSKY3413-HS5C,2,hickory-cafe-true-heritage-hand-scraped,True Heritage Hickory Café  Hand Scraped | Hardwood Flooring | Elegance Plyquet Flooring,,Shop Hickory Cafe True Heritage Hand Scraped hardwood flooring from Unique Wood Floors. Easy Online Ordering!
CORK490435-SAMPLE,2,milan-coffee-sample,,,
CORK490436-SAMPLE,2,milan-chestnut-sample,,,
CORK490434-SAMPLE,2,milan-vanilla-sample,,,
CORK490332-SAMPLE,2,lisbon-chestnut-sample,,,
CORK490251-SAMPLE,2,lisbon-coffee-sample,,,
CORK490250-SAMPLE,2,lisbon-creme-sample,,,
CORK490247-SAMPLE,2,lisbon-natural-sample,,,
CORK49033-SAMPLE,2,lisbon-onyx-sample,,,
FSKY3413-HS5C-SAMPLE,2,hickory-cafe-true-heritage-hand-scraped-sample,,,
CORK490334,2,amsterdam-cinnamon,Amsterdam Cinnamon Cork Flooring | Prefinished Engineered Cork Floors | Ipocork,,
CORK490334-SAMPLE,2,amsterdam-cinnamon-sample,,,
CORK490253,1,amsterdam-coffee,Amsterdam Coffee Cork Flooring | Prefinished Engineered Cork Floors | Ipocork,,
CORK490253-SAMPLE,2,amsterdam-coffee-sample,,,
CORK490249 ,2,amsterdam-natural,Amsterdam Natural Cork Flooring | Prefinished Engineered Cork Floors | Ipocork,,
CORK490249-SAMPLE,2,amsterdam-natural-sample,,,
CORK490480,1,amsterdam-driftwood,Amsterdam Driftwood Cork Flooring | Prefinished Engineered Cork Floors | Ipocork,,
CORK490480-S,2,amsterdam-driftwood-sample,,,
CORK490481,1,amsterdam-slate-grey,Amsterdam Slate Grey Cork Flooring | Prefinished Engineered Cork Floors | Ipocork,,
CORK490481-S,2,amsterdam-slate-grey-sample,,,
FETK3402-N5O-SAMPLE,2,hickory-uv-oiled-hand-scraped-sample,,,
FETK3403-N5OHS-SAMPLE,2,millennium-walnut-oiled-hand-scraped-sample,,,
FEHARO525030-SAMPLE,2,haro-longstrip-beech-coffee-sample,,,
FEHARO524446-SAMPLE,2,haro-african-oak-tundra-sample,,,
ACCWOCARF,2,woca-oil-refresher,Woca Oil Refresher | Floor Care | Unique Wood Floors,,
ACCWOCA511210A,2,woca-oil-refresher-1-liter,Woca Oil Refresher | Floor Care | Unique Wood Floors,,
ACCWOCA511225A,2,woca-oil-refresher-natural-2-5-liters,Woca Oil Refresher | Floor Care | Unique Wood Floors,,
ACCWOCAWRF,2,woca-oil-refresher-white,Woca Oil Refresher White | Floor Care | Unique Wood Floors,,
FETK3402-BK4-SAMPLE,2,hickory-buckingham-hand-scraped-sample,,,
FDSSWBS80SL-SWBCL,2,strandwoven-bamboo-caramel-solid,"Strandwoven Bamboo Carmel Solid Flooring | Prefinished Bamboo Floors, Solid Wood Flooring | Unique Wood Floors",,
FDSSWBS80SL-SWBCl-SAMPLE,2,strandwoven-bamboo-caramel-solid,,,
TLEXFL4x12-AM,1,vent-register-flush-mount-prefinished-4-x-12-amendoim,Vent Register Flush Mount Prefinished | Vent Registers | Elegance Plyquet,,
AFVENT34FL412-BZ,1,vent-register-flush-mount-prefinished-acacia-bronze-4-x-12,Acacia Bronze Flush Vent | Unique Wood Floors,,
ACC5008BONA32,1,bona-cleaner,Bona Professional Cleaner | Floorcare | Unique Wood Floors,,
ACC5007BONA18KIT,1,pro-series-18-hardwood-floor-care-system,"Bona Pro Series 18"" Hardwood Floor Care System | Floorcare | Unique Wood Floors",,
ACC5004AQB,1,aquabar-b-underlayment,"Aquabar ""B"" Paper Underlayment | Wood Floor Underlayment | Unique Wood Floors",,
VTVent-FM4X12-AL,1,vent-register-flush-mount-prefinished-vintage-alaska-9-16-x-4-x-12,Vintage Alaska Flush Vent | Unique Wood Floors,,
VENT916FL-412WN,1,vent-register-flush-mount-prefinished-walnut-9-16-x-4-x-12,Vent Register Flush Mount Prefinished | Vent Registers | Elegance Plyquet,,
VENTFL4x12-Maple,1,vent-register-flush-mount-prefinished-maple-1-2-x-4-x-12,"Maple Flush Vent 1/2"" | Unique Wood Floors",,
TLEXTM78-AM,1,t-mold-amendoim-78,T-Mold | Transition Molding | Elegance Plyquet,,
TLEXTM-Tigerwood,1,t-mold-tigerwood-78,Tigerwood T-Mold | Unique Wood Floors,,
TLEXTM78-MC,1,t-mold-brazilian-pecan-78,Brazilian Pecan T-Mold | Unique Wood Floors,,
VTTM78,1,t-mold-vintage-alaska-78,Vintage Alaska T-Mold | Unique Wood Floors,,
TLEXSTN48-AM,1,stair-nose-flush-mount-amendoim-3-4-x-3-1-8-x-78,Stair Nose Flush Mount | Transition Molding | Elegance Plyquet,,
StN48-Maple,1,stair-nose-flush-mount-maple-3-4-x-3-1-8-x-78,Stair Nose Flush Mount | Transition Molding | Elegance Plyquet,,
TLEXStN48,1,stair-nose-flush-mount-brazilian-pecan-5-8-x-3-1-8-x-78,Brazilian Pecan Stair Nose | Unique Wood Floors,,
VTSTN3-48,1,stair-nose-flush-mount-vintage-alaska-9-16-x-3-1-8-x-78, Vintage Alaska Flush Stair Nose | Unique Wood Floors,,
FSNA3458-N5,2,brazilian-oak-amendoim,"Amendoim (Brazilian Oak) Plank Hardwood Flooring | Prefinished Solid Hardwood Floors, Elegance Plyquet Wood Flooring | Unique Wood Floors",,
FSNA3458-N5-SAMPLE,1,amendoim-sample,,,
FBR3CHM-5,2,bamboo-carbonized-horizontal,Bamboo Carbonized Horizontal | Prefinished Bamboo Floors | Elegance Plyquet,,
FBR4CVM-5-SAMPLE,1,bamboo-carbonized-vertical,,,
FBR3CHM-5-SAMPLE,1,bamboo-carbonized-horizontal,,,
FSEP3481-GR5SPC,2,modern-collection-graphite-high-gloss,Modern Collection Graphite High Gloss Hardwood Flooring – 67 SF,,
FETK3402-N5O,2,hickory-natural-uv-oiled-hand-scraped,Millennium Hickory Oiled Hand Scraped Hardwood Flooring,,Shop Millennium Hickory Oiled Hand Scraped hardwood flooring from Unique Wood Floors. Easy Online Ordering!
FETK3403-N7OHS,2,millennium-walnut-hs,"Millennium Walnut Hand Scraped Flooring | Hand Scraped Wood Floors, Prefinished Engineered Hardwood Floors | Unique Wood Floors",,
FSTL3452-N325R-SAMPLE,1,tigerwood-strip-sample,,,
TKAT20130071,1,vintage-alaska,Vintage Alaska Flooring | Prefinished Engineered Hardwood Floors | TEKA,,
EP3405-SM475,2,boardwalk-smoked,"European Oak Smoked Oiled Hardwood Flooring | Oil Finished Wood Floors, Prefinished Solid Hardwood Floors | Unique Wood Floors",,
EWNH-SAMPLE,2,walnut-click-lock-sample,,,
FETK3403-N5OHSN,2,millennium-walnut-oiled-hand-scraped,Millennium Walnut Oiled Natural Hand Scraped Hardwood Floors | Oiled Walnut Flooring,,Shop Millennium Walnut Oiled Natural Hand Scraped hardwood walnut flooring from Unique Wood Floors. Easy Online Ordering!
FETK3403-N5OHSN-SAMPLE,2,millennium-walnut-oiled-hand-scraped-sample,,,
ACCWOCAMOP,1,woca-swep-mop-red,Woca Swep Mop Red | Floorcare | Unique Wood Floors,,
WOCA596055,1,woca-flooring-polishing-cloth,Woca Flooring Polishing Cloth | Floorcare | Unique Wood Floors,,
FEHARO520808-SAMPLE,2,haro-longstrip-beech-coffee-sample,,,
FSMH3412-N314C,2,character-black-walnut,American Collection Natural Character Black Walnut Hardwood Flooring | Walnut Wood Floors | Solid Wood Flooring,,Shop American Collection Natural Character Black Walnut hardwood flooring from Unique Wood Floors. Easy Online Ordering!
FSMH3412-N314N -SAMPLE,2,character-grade-black-walnut-sample,,,
FSEP3412-N2,2,acacia-slim,"Acacia (Asian Walnut) Slim Hardwood Flooring | Prefinished Solid Hardwood Floors, Elegance Plyquet Wood Floors | Unique Wood Floors",,Acacia Slim is a prefinished hardwood flooring that is expertly crafted using the finest exotic Acacia lumber. Shop Acacia Slim hardwood floors online.
FSEP3412-N2-SAMPLE,2,acacia-slim-sample,,,
EBNH,2,birch-hand-scraped-engineered-click-lock-hardwood-floor,Birch Hand Scraped Engineered Flooring | Enigeered Hardwood Flooring | Ashwa Bay,,
EBNH-SAMPLE,1,birch-click-lock-sample,,,
HWEOCH-SAMPLE,2,oak-click-lock-sample,,,
PMART-E355,2,artisan-acacia-hand-scraped,Artisan Acacia Natural Hand Scraped Engineered Hardwood Flooring,,Hand Scraped Natural Asian Walnut prefinished hardwood flooring gives you all of the attraction of the Acacia wood in a five inch wide plank. Shop online.
PMART-E355-SAMPLE,2,artisan-acacia-sample,,,
HWESNH,2,sapele-hand-scraped-engineered-click-lock-hardwood-floor,Sapele Hand Scraped Engineered Flooring | Enigeered Hardwood Flooring | Ashwa Bay,,
HWESNH-SAMPLE,2,sapele-click-lock-sample,,,
EOBS-SAMPLE,2,oak-buttersctoch-click-lock-sample,,,
HWEONH,2,white-oak-engineered-click-lock-hardwood-floor,White Oak Hand Scraped Engineered Flooring | Enigeered Hardwood Flooring | Ashwa Bay,,
HWEONH-SAMPLE,1,white-oak-click-lock-sample,,,
HWECNH-SAMPLE,2,natural-cherry-click-lock-sample,,,
TRH,1,threshold,Threshold | Unique Wood Floors,,
WOCA551541A,1,woca-spot-remover-spray-can-9oz,Woca Spot Remover | Floorcare | Unique Wood Floors,,
ACCOSMOWC,2,osmo-wash-and-care,Osmo Wash and Care | Floorcare | Unique Wood Floors,,
ACCOSMOLW,1,osmo-liquid-wax,Osmo Liquid Wax | Floorcare | Unique Wood Floors,,
FSEP3402-B3HMC-SAMPLE,2,acacia-blonde-sample,,,
FSEP3402-N3HMC-SAMPLE,2,acacia-natural-hand-scraped-sample,,,
EP3405-ST475-SAMPLE,2,european-oak-steel-sample,,,
WOCAKW,2,woca-kit-white,Woca Kit White | Floorcare | Unique Wood Floors,,
ACCWOCAMON,2,woca-master-oil-natural,Woca Master Oil Natural | Floor Care | Unique Wood Floors,,
ACCWOCAMON1,2,woca-master-oil-natural-1-liter,Woca Master Oil Natural | Floor Care | Unique Wood Floors,,
ACCWOCAMON25,2,woca-master-oil-natural-2-5-liter,Woca Master Oil Natural | Floor Care | Unique Wood Floors,,
WOCAKN,2,woca-kit-natural,Woca Kit Natural | Floorcare | Unique Wood Floors,,
ACCWOCAMOW,2,woca-master-oil-white,Woca Master Oil White | Floor Care | Unique Wood Floors,,
ACCWOCAMOW1L,2,woca-master-oil-white-1-liter,Woca Master Oil Natural | Floor Care | Unique Wood Floors,,
ACCWOCAMOW25,2,woca-master-oil-white-2-5-liter,Woca Master Oil White | Floor Care | Unique Wood Floors,,
ACCWOCAWC,1,woca-wood-cleaner,Woca Intensive Wood Cleaner | Floorcare | Unique Wood Floors,,
ACCWOCAWC1,1,woca-wood-cleaner-1-liter,Woca Wood Cleaner | Floor Care | Unique Wood Floors,,
TKLS50005,1,millennium-chalons,Millennium Chalons Flooring | Unique Wood Floors,,
TKLS50003,2,boutique-bretagne,Boutique Bretagne Flooring | Prefinished Engineered Hardwood Floors | TEKA,,
TKLS50015,1,millenium-cheneblanc,Millennium Chene Blanc Flooring | Prefinished Solid Engineered Hardwood Floors | Oil Finished European White Oak,,
TKLS50001,2,boutique-provence,Boutique Provence Flooring | Prefinished Solid Engineered Hardwood Floors | TEKA,,
TKLS50009,1,millennium-roux,Millennium Roux Flooring | Prefinished Solid Engineered Hardwood Floors | TEKA,,
TKLS50011,2,boutique-tuscany,"Boutique Tuscany Flooring, Distressed Oak Floors | Prefinished Solid Engineered Hardwood Floors | TEKA",,Boutique Tuscany White Oak Flooring offers a white-washed and distressed look. Order online today from Unique Wood Floors!
TKLS50013,2,boutique-galicia,Boutique Galicia Flooring | Prefinished Solid Engineered Hardwood Floors | TEKA,,
TKLS50138,2,landscape-gritstone,Landscape Gritstone Flooring | Distressed French Oak Floors,,Landscape Gritstone French Oak Flooring features a distinctive distressed white-washed appearance.
TKLS50150,2,boutique-alpine,Boutique Alpine Flooring | Prefinished Engineered Hardwood Floors | TEKA,,
TKLS50137,1,millennium-acier,Millennium Acier Flooring | Unique Wood Floors,,
TKLS50005-SAMPLE,1,millennium-chalons-sample,,,
TKLS50003-SAMPLE,2,botique-bretagne-sample,,,
TKLS50001-SAMPLE,2,botique-provence-sample,,,
TKLS50009-SAMPLE,1,millennium-roux-sample,,,
TKLS50011-SAMPLE,2,botique-tuscany-sample,,,
TKLS50013-SAMPLE,2,botique-galicia-sample,,,
TKLS50015-SAMPLE,1,millennium-cheneblanc-sample,,,
TKLS50137-SAMPLE,2,millennium-acier-sample,,,
TKLS50138-SAMPLE,2,landscape-gritstone-sample,,,
TKLS50150-SAMPLE,2,botique-alpine-sample,,,
VENTETG,1,eternal-grid-steel-vent-register,Eternal Grid Vent Register Flush Mount | Carbon Steel Floor Vent Registers | Elegance Plyquet Vent Registers | Unique Wood Floors,,
VENTETCL,1,eternal-chainlink-steel-vent-register,Eternal Chain Link Vent Register Flush Mount | Carbon Steel Floor Vent Registers | Elegance Plyquet Vent Registers | Unique Wood Floors,,
VENTETH,1,eternal-heirloom-steel-vent-register,Eternal Heirloom Vent Register Flush Mount | Carbon Steel Floor Vent Registers | Elegance Plyquet Vent Registers | Unique Wood Floors,,
VENTETM,1,eternal-mission-steel-vent-register,Eternal Mission Vent Register Flush Mount | Carbon Steel Floor Vent Registers | Elegance Plyquet Vent Registers | Unique Wood Floors,,
VENTETO,2,eternal-octagon-steel-vent-register,Eternal Octagon Vent Register Flush Mount | Carbon Steel Floor Vent Registers | Elegance Plyquet Vent Registers | Unique Wood Floors,,
FSEP3481-BG5HG,2,pometia-taun-burg-highgloss,"Modern Collection Burgundy Hardwood Flooring | Prefinished Solid Hardwood Floors, Elegance Plyquet Wood Flooring | Unique Wood Floors",,
FSEP3481-BG5HG-SAMPLE,2,modern-collection-burgundy-sample,,,
VENTETR,1,eternal-royal-steel-vent-register,Eternal Royal Vent Register Flush Mount | Carbon Steel Floor Vent Registers | Elegance Plyquet Vent Registers | Unique Wood Floors,,
FETK3434-WSK,1,millennium-whisky,"Millennium Whisky Oiled Hardwood Flooring | Whitewashed Oak Flooring, Oil Finished Wood Floors | Unique Wood Floors",,"Buy Millennium Whisky Oak Flooring for a whitewashed, oil finished wood floor in your home. Easy online ordering at Unique Wood Floors!"
FETK3434-WSK-SAMPLE,1,millennium-whisky-sample,,,
FETK1211M90,2,centurion-collection-redoak,Centurion Collection Red Oak Flooring | Prefinished Engineered Hardwood Floors | Centurion Collection,,
FETK91675,1,french-oak-lager,French Oak Lager | Prefinished Engineered Hardwood Floors | Elegance Plyquet,,
 FETK91676,2,french-oak-ale,Brushed French White Oak Ale | Prefinished Engineered Hardwood Floors | Elegance Plyquet,,
FETK91677,2,french-oak-stout,Brushed French White Oak Stout | Prefinished Engineered Hardwood Floors | Elegance Plyquet,,
 FETK91676-SAMPLE,2,oak-ale-sample,,,
FETK91675-SAMPLE,1,oak-lager-sample,,,
FETK91677-SAMPLE,2,oak-stout-sample,,,
FETK91654,2,oak-smoke-line,White Oak Smoke Line | Prefinished Engineered Hardwood Floors | TEKA,,
EP3405-HY475,2,boardwalk-husky,"Boardwalk Husky Hardwood Flooring | Grey White Oak, Oil Finished Wood Floors, Prefinished Solid Hardwood Floors | Unique Wood Floors",,Boardwalk Husky is a Grey-colored White Oak Hardwood Flooring with a Grey finish. Order online today from Unique Wood Floors!
EP3405-SA475-SAMPLE,2,boardwalk-sahara-sample,,,
EP3405-SA475,2,boardwalk-sahara,"Boardwalk Sahara Oiled Hardwood Flooring | Oil Finished Wood Floors, Prefinished Solid Hardwood Floors | Unique Wood Floors",,
EP3405-HY475-SAMPLE,2,boardwalk-husky-sample,,,
ACCWOMOPS,1,woca-swep-mop-silver,Woca Swep Mop Silver | Floorcare | Unique Wood Floors,,
FSTL3461-GP4,2,macchiato-pecan-graphite,Macchiato Pecan Graphite Hardwood Flooring | Unique Wood Floors,,
FSTL3461-GP4-SAMPLE,2,pecan-graphite-sample,,,
FSTL3461-CH4,2,macchiato-pecan-chocolate,"Macchiato Pecan Chocolate Hardwood Flooring | Prefinished Solid Hardwood Floors, Elegance Plyquet Wood Flooring | Unique Wood Floors",,
FSTL3461-CH4-SAMPLE,2,pecan-chocolate-sample,,,
FSEP3402-X3B,2,acacia-bronze-herringbone,Acacia Bronze Herringbone Hardwood Flooring | Unique Wood Floors,,Shop Acacia Bronze Herringbone hardwood flooring from Unique Wood Floors. Easy Online Ordering!
FSEP3402-X3B-SAMPLE,2,acacia-bronze-herringbone-sample,,,
ALMAR-SAMPLE,2,vitabella-marina-oak-sample,,,
ACC5005-1Glue,1,titebond-edge-glue,Titebond Tongue and Groove Glue | Accessories | Unique Wood Floors,,
FSEP3402-N358C-SAMPLE,2,acacia-natural-plank-sample,,,
FSEP3402-GS358C-SAMPLE,2,acacia-golden-sagebrush-plank-sample,,,
FSEP5802-N312,2,acacia-essential,"Acacia Asian Walnut Essential Hardwood Flooring | Prefinished Solid Hardwood Floors, Elegance Plyquet Wood Flooring | Unique Wood Floors",,Acacia Essential is the perfect combination of light and dark swirls of color give the perfect balance of yin and yang. Shop wood floors online.
FSEP5802-N312-SAMPLE,2,acacia-essential-sample,,,
TKCL50172,1,coastland-canelle,Coastland Canelle Flooring | Factory Finished Engineered Hardwood Floors,,
TKCL50173,1,coastland-gazelle,Coastland Gazelle Flooring | Factory Finished Engineered Hardwood Floors,,
TKCL50172-SAMPLE,1,coastland-canelle-sample,,,
TKCL50173-SAMPLE,1,coastland-gazelle-sample,,,
TKCL50175,2,coastland-hampton,Coastland Hampton Flooring | Prefinished Engineered Hardwood Floors | TEKA,,
TKCL50174,1,coastland-argile,Coastland Argile Flooring | Factory Finished Engineered Hardwood Floors,,
TKCL50175-SAMPLE,2,coastland-hampton-sample,,,
TKCL50174-SAMPLE,1,coastland-argile-sample,,,
TKRY50168,2,imperial-windsor,Imperial Windsor Flooring | Prefinished Engineered Hardwood Floors | TEKA,,
TKRY50168-SAMPLE,2,imperial-windsor-sample,,,
TKRY50169,2,coastland-ombre,Coastland Ombre White Oak Flooring | Factory Finished European Oak Engineered Hardwood Floors,,
TKRY50169-SAMPLE,2,coastland-ombre-sample,,,
TKRY50170,2,imperial-oxford,Imperial Oxford White Oak Flooring | Prefinished Engineered Hardwood Floors | TEKA,,Buy Imperial Oxford white oak hardwood flooring today from Unique Wood Floors. Easy online ordering!
TKRY50170-SAMPLE,2,imperial-oxford-sample,,,
TKRY50171,1,coastland-nuage,Coastland Nuage Flooring White Oak Flooring | French Oak Floors Factory Finished Engineered Hardwood,,
TKRY50171-SAMPLE,2,coastland-nuage-sample,,,
FSEP3404-SD475,1,remains-sand-dune,"Remains Collection Sand Dune Hardwood Flooring | Prefinished Solid Hardwood Floors, Elegance Plyquet Wood Flooring | Unique Wood Floors",,Acacia is the perfect combination of light and dark swirls of color give the perfect balance of yin and yang. Shop wood floors online.
FSEP3404-SD475-SAMPLE,1,remains-sand-dune-sample,,,
FSEP3404-CH475,1,remains-charcoal,"Remains Collection Charcoal Hardwood Flooring | Prefinished Solid Hardwood Floors, Elegance Plyquet Wood Flooring | Unique Wood Floors",,Acacia is the perfect combination of light and dark swirls of color give the perfect balance of yin and yang. Shop wood floors online.
FSEP3404-CH475-SAMPLE,2,remains-charcoal-sample,,,
FSEP3404-FO475,2,remains-fossil,"Remains Collection Fossil Hardwood Flooring | Prefinished Solid Hardwood Floors, Elegance Plyquet Wood Flooring | Unique Wood Floors",,
FSEP3404-FO475-SAMPLE,1,remains-dossil-sample,,,
ACCWOCA-PRKITN,2,woca-premierekit-natural,Woca Premiere Kit | Floorcare | Unique Wood Floors,,
ACCWOCA-PRKITW,2,woca-premierekit-white,Woca Premiere Kit | Floorcare | Unique Wood Floors,,
TK3402-N3140,2,314-hickory-uv-oiled,Millennium Hickory Oiled Smooth Hardwood Flooring | Hickory Wood Floors | TEKA Flooring,,Shop Millennium Hickory oiled smooth hardwood flooring from Unique Wood Floors. Easy Online Ordering!
TK3402-N3140-SAMPLE,2,314-hickory-uv-oiled-sample,,,
FETK3403-N425HS,2,millennium-walnut-oiled-425,Millennium Walnut Oiled Mixed Hardwood Flooring | Walnut Wood Floors | TEKA Hardwood Flooring,,Shop Millennium Walnut Oiled hardwood flooring from Unique Wood Floors. Easy Online Ordering!
FETK3402-N314OHS,2,314-hickory-uv-oiled-hs,Millennium Hickory Oiled Strip Flooring | Hickory Wood Floors,,Shop Millennium Hickory oiled smooth hardwood flooring from Unique Wood Floors. Easy Online Ordering!
FETK3402-N314OHS-SAMPLE,2,314-hickory-uv-oiled-hs-sample,,,
FETK3403-N314OHS,2,millennium-walnut-oiled-strip,"Millennium Walnut Oiled Natural Hand Scraped Strip Hardwood Flooring | Walnut Wood Floors, Oiled Walnut Flooring",,"Shop Millennium Walnut Oiled Natural Hand Scraped Strip hardwood walnut flooring from Unique Wood Floors. Easy Online Ordering!
"
TKAT20011011V,2,vintage-costa-vesser,Vintage Costa Vesser Core Flooring | Prefinished Engineered Hardwood Floors | TEKA,,
TKAT20011011V-SAMPLE,1,vintage-costa-vesser-sample,,,
TKAT20130075V,2,vintage-noir-vesser,Vintage Noir Vesser Core Flooring | Dark Fumed Oak Floors,,"Buy Vintage Noir Vesser Core Flooring, a dark french oak, from Unique Wood Floors today. Easy online ordering!"
TKAT20130075V-SAMPLE,1,vintage-noir-vesser-sample,,,
FSEP3402-HS5-C,2,acacia-natural-hand-scraped-closeout,Acacia Natural Hand Scraped Hardwood Flooring Closeout | Acacia Confusa Wood Floors | Elegance Plyquet Flooring,,"Shop Acacia Natural Hand Scraped hardwood flooring from Unique Wood Floors. Easy Online Ordering!
"
FSEP3402-HS5-C-SAMPLE,2,acacia-natural-hand-scraped-closeout-sample,,,
FSEP3402-HSA5-C,2,acacia-golden-sagebrush-hand-scraped-closeout,Acacia Golden Sagebrush Hand Scraped Hardwood Flooring,,"Shop Acacia Golden Sagebrush Hand Scraped hardwood flooring from Unique Wood Floors. Easy Online Ordering!
"
FSEP3402-HSA5-C-SAMPLE,2,acacia-acacia-golden-sagebrush-hand-scraped-closeout-sample,,,
TK1213M90-C35,1,centurion-collection-chambord,Centurion Collection Maple Chambord Flooring | Prefinished Engineered Hardwood Floors | Centurion Collection,,
TK1213M90-C35-SAMPLE,1,centurion-maple-sample,,,
55822,2,bamboo-chai,Strandwoven Bamboo Chai | Prefinished Bamboo Floors | Elegance Plyquet,,
55823,2,bamboo-nutmeg,Strandwoven Bamboo Chai | Prefinished Bamboo Floors | Elegance Plyquet,,
55823-SAMPLE,2,bamboo-nutmeg-sample,,,
55822-SAMPLE,2,bamboo-chai-sample,,,
PRZWS,2,provenza-wash-care-floor-spray,Provenza Soap Spray | Floorcare | Unique Wood Floors,,
PRZTU,2,provenza-touch-up-oil,Provenza Touch-Up Oil | Floorcare | Unique Wood Floors,,
PROSRROKIT,1,provenza-spot-remover,Provenza Spot Remover & Spot Rejuvenating Kit | Unique Wood Floors,,
PRZOMKIT,2,provenza-maintenance-kit,Provenza Soap Spray | Floorcare | Unique Wood Floors,,
PRZCCT,2,provenza-wash-care,Provenza Wash and Care | Floorcare | Unique Wood Floors,,
EPAF18Rd48,1,reducer-flush-mount-acacia-natural-48,Acacia Reducer | Unique Wood Floors,,
EPAFTH78-GS,2,threshold-48-acacia-sagebrush,Acacia Sagebrush Threshold | Unique Wood Floors,,
EPCAP78-BZ,1,acacia-bronze-threshold,Acacia Bronze Threshold | Unique Wood Floors,,
EPAF18Rd78-GS,2,acacia-sagebrush-reducer,Acacia Sagebrush Reducer | Unique Wood Floors,,
EPAF18Rd78-BZ,1,acacia-bronze-reducer,Acacia Bronze Reducer | Unique Wood Floors,,
EPAFTM78-GS,2,acacia-sagebrush-t-mold,Acacia Sagebrush T-Mold | Unique Wood Floors,,
EPAFTM48-BZ,1,t-mold-acacia-bronze-48,Acacia Bronze T-Mold | Unique Wood Floors,,
EPAF18STN48-BZ,1,acacia-bronze-stair-nose,Acacia Bronze Stair Nose | Unique Wood Floors,,
EP12HS5N,2,9milecreek-acacia-natural-hand-scraped,9 Mile Creek Acacia Hand Scraped | Acacia Confusa Wood Floors,,"Discover the beauty of Acacia Natural Hand Scraped hardwood flooring from Unique Wood Floors
"
EP12HS5N-SAMPLE,2,9-mile-acacia-hs-sample,,,
EP12SM5N,1,9milecreek-acacia-natural,9 Mile Creek Acacia | Acacia Confusa Wood Floors,,"Discover the beauty of Acacia Natural hardwood flooring from Unique Wood Floors
"
EP12SM5N-SAMPLE,1,9-mile-acacia-sample,,,
EP12HS5MG,2,9milecreek-acacia-nutmeg-hs,9 Mile Creek Acacia Nutmeg Hand Scraped | Acacia Confusa Wood Floors,,"Discover the beauty of Acacia Nutmeg Hand Scraped hardwood flooring from Unique Wood Floors
"
FETK91680,1,french-oak-pilsner,Cicerone French Oak Pilsner | Factory Finished Engineered Hardwood With Wire-brush Technology | Elegance Plyquet,,
FETK91680-SAMPLE,1,oak-pilsner-sample,,,
FETK91678,2,french-oak-saison,Cicerone Saison (242 SF) | Unique Wood Floors,,
FETK91678-SAMPLE,2,oak-saison-sample,,,
FETK91679,1,french-oak-porter,Cicerone Porter | Unique Wood Floors,,
FETK91679-SAMPLE,1,oak-porter-sample,,,
CCTM,1,cicerone-pilsner-t-mold,Cicerone Pilsner T-Mold | Unique Wood Floors,,
EPT-M78-WB,1,remians-sand-dune-t-mold,Remains Sand Dune T-Mold | Transition Molding for Wood Flooring | Elegance Plyquet T-Mold,,
CCSTN48,1,cicerone-pilsner-flush-mount-stair-nose,Cicerone Pilsner Flush Mount Stair Nose | Unique Wood Floors,,
EP18StN78,1,remains-sand-dune-flush-mount-stair-nose,Remains Sand Dune Flush Mount Stair Nose | Bullnose Transition Molding for Wood Flooring | Elegance Plyquet Transition Moldings,,
VTCAP,1,vintage-alaska-square-nose,"Square Nose | Wood Floor End Cap, Transition Molding for Wood Flooring | Unique Wood Floors",,
CCSqN,1,cicerone-pilsner-square-nose,Cicerone Pilsner Square Nose | Unique Wood Floors,,
MMCAP,1,millennium-threshold,Millennium Whisky Threshold | Unique Wood Floors,,
EPCAP-WBSD,1,remains-sand-dune-threshold,Remains Sand Dune Threshold | Transition Molding for Wood Flooring | Unique Wood Floors,,
EP18Rd-WB,1,remains-sand-dune-reducer-flush-mount,Remains Sand Dune Reducer Flush Mount | Transition Molding for Wood Flooring | Elegance Plyquet Transition Moldings,,
CCVENT,1,cicerone-pilsner-flush-vent,Cicerone Pilsner Flush Vent | Unique Wood Floors,,
EPVENT4x12WB,1,remains-sand-dune-flush-vent,Remains Sand Dune Flush Vent | Wooden Vent Register Flush Mount Prefinished | Wood Floor Vent Registers | Elegance Plyquet Vent Registers,,
EPMC916-LK75,1,millcity-lakefront,Mill City Lakefront Flooring | Prefinished Engineered Hardwood Floors | Elegance Plyquet,,
EPMC916-LK75-SAMPLE,1,millcity-lakefront-sample,,,
EPMC916-RV75,1,millcity-riverfront,Mill City Riverfront Flooring | Prefinished Engineered Hardwood Floors | Elegance Plyquet,,
EPMC916-RV75-SAMPLE,1,millcity-riverfront-sample,,,
MCTM,1,mill-city-riverfront-t-mold,Mill City Riverfront T-Mold | Unique Wood Floors,,
MCSTN48,1,mill-city-riverfront-flush-stair-nose,Mill City Riverfront Flush Stair Nose | Unique Wood Floors,,
MCCAP,1,mill-city-lakefront-square-nose,Mill City Lakefront Square Nose | Unique Wood Floors,,
MCVENT,1,mill-city-riverfront-flush-vent,Mill City Riverfront Flush Vent | Unique Wood Floors,,
FETK3434-N4OHS,2,millennium-white-oak-oiled,"Millennium French Oak Oiled Natural Hand Scraped Strip Hardwood Flooring | French Oak Wood Floors, Oiled French Oak Flooring",,"Shop Millennium French Oak Oiled Natural Hand Scraped Strip hardwood French Oak flooring from Unique Wood Floors. Easy Online Ordering!
"
FETK3434-N4OHS-SAMPLE,2,millennium-white-oak-oiled-sample,,,
PRONATCLN32C,1,provenza-natural-cleaner-floor-spray,Provenza Natural Cleaner Spray | Unique Wood Floors,,
PROOILREF32 ,1,provenza-natural-cleaner-floor-spray,Provenza Floor Oil Refresher | Unique Wood Floors,,
PROALLPUR,1,provenza-natural-cleaner-floor-spray,Provenza All Purpose Cleaner | Unique Wood Floors,,
PROMOCKIT,1,provenza-maintenance-kit,Provenza Oil Maintenance Kit | Unique Wood Floors,,
PROALLPUR32,1,provenza-natural-cleaner-floor-spray, Provenza All Purpose Cleaner | Unique Wood Floors,,
PRONATCLNGAL,1,provenza-natural-cleaner-floor-gallon,Provenza Soap | Floorcare | Unique Wood Floors,,
WOCA511425A,1,woca-soap-grey,Woca Soap Grey | Floorcare | Unique Wood Floors,,
WPC-M80602-14,2,chateau,WPC LVT Flooring Minneapolis St. Paul MN | Unique Wood Floors | Chateau,,
WPC-M80602-14-SAMPLE,2,chateau-sample,,,
WPC-M80340-01,2,driftwood,WPC LVT Flooring Minneapolis St. Paul MN | Unique Wood Floors | Drfitwood,,
WPC-M80340-01-SAMPLE,2,driftwood-sample,,,
WPC-M80150-01,1,eucalyptus,WPC LVT Flooring Minneapolis St. Paul MN | Unique Wood Floors | Eucalyptas,,
WPC-M80150-01-SAMPLE,2,eucalyptus-sample,,,
WPC-M81068-01,2,tulsi,WPC LVT Flooring Minneapolis St. Paul MN | Unique Wood Floors | Tulsi,,
WPC-M81068-01-SAMPLE,2,tulsi-sample,,,
AMPLG05NA1,2,mannington-amerioak,Mannington Red Oak Flooring | Prefinished Engineered Hardwood Floors ,,
AMPLG05NA1-SAMPLE,2,amerioak-sample,,,
PP41GO,2,somerset-goldenoak,Somerset Color Plank Collection Flooring | Hardwood Floors |  Golden Oak,,
PP41GO-SAMPLE,2,somerset-goldenoak-sample,,,
ALMAR,2,vitabella-collection-marinaoak,Vita Bella Alston Marina Oak Flooring | Prefinished Engineered Hardwood Floors | Vita Bella Collection,,
ALVEN,2,vitabella-collection-oakvenetian,Vita Bella Alston Venetian Oak Flooring | Prefinished Engineered Hardwood Floors | Vita Bella Collection,,
ALVEN-SAMPLE,2,vitabella-venetian-oak-sample,,,
ALMES,2,vitabella-collection-messinaoak,Vita Bella Alston Messina Oak Flooring | Prefinished Engineered Hardwood Floors | Vita Bella Collection,,
ALMES-SAMPLE,2,vitabella-messina-oak-sample,,,
XPFBCX3-2,2,brazilian-cherry-drop,"Brazilian Cherry Flooring | Prefinished Solid Hardwood Floors, Paramount Wood Flooring | Unique Wood Floors",,
XPFBCX3-2-SAMPLE,2,paramount-braziliancherry-sample,,,
FETK1211M90-SAMPLE,2,centurion-redoak-sample,,,
EP12FO5,1,9milecreek-fossil,"9 Mile Creek Collection Fossil Hardwood Flooring | Prefinished Engineered Hardwood Floors, Elegance Plyquet Wood Flooring | Unique Wood Floors",,
EP12FO5-SAMPLE,1,9-mile-fossil-sample,,,
EP12CH5,1,9mile-charcoal,"9 Mile Creek Collection Charcoal Hardwood Flooring | Prefinished Engineered Hardwood Floors, Elegance Plyquet Wood Flooring | Unique Wood Floors",,
EP12CH5-SAMPLE,1,9milecreek-charcoal-sample,,,
EP12SD5,1,9mile-sand-dune,"9 Mile Creek Collection Sand Dune Hardwood Flooring | Prefinished Engineered Hardwood Floors, Elegance Plyquet Wood Flooring | Unique Wood Floors",,Acacia is the perfect combination of light and dark swirls of color give the perfect balance of yin and yang. Shop wood floors online.
EP12SD5-SAMPLE,1,9mile-sand-dune-sample,,,
EPMC916-LS75,1,millcity-limestone,Mill City Limestone Flooring | Prefinished Engineered Hardwood Floors | Elegance Plyquet,,
EPMC916-LS75-SAMPLE,1,millcity-limestone-sample,,,
EPMC916-CTH75,1,millcity-cathedral,Mill City Cathedral Flooring | Prefinished Engineered Hardwood Floors | Elegance Plyquet,,
EPMC916-CTH75-SAMPLE,2,millcity-cathedral-sample,,,
EPMC916-OB75,1,millcity-obsidian,Mill City Obsidian Flooring | Prefinished Engineered Hardwood Floors | Elegance Plyquet,,
EPMC916-OB75-SAMPLE,1,millcity-obsidian-sample,,,
EP9MTM,1,9-mile-creek-charcoal-t-mold,9 Mile Creek Charcoal T-Mold | Unique Wood Floors,,
EP9MSTN48,1,9-mile-creek-charcoal-flush-mount-stair-nose,9 Mile Creek Charcoal Flush Stair Nose | Unique Wood Floors,,
EP9MCAP,1,9-mile-creek-charcoal-threshold, 9 Mile Creek Charcoal Square Nose | Unique Wood Floors,,
EP9M12RD,1,9-mile-creek-charcoal-reducer-flush-mount,9 Mile Creek Charcoal Flush Reducer | Unique Wood Floors,,
EP9MVENT,1,9-mile-creek-charcoal-surface-vent,9 Mile Creek Charcoal Surface Vent | Unique Wood Floors,,
FETK3434-CA,1,millennium-cavalli,"Millennium Cavalli Oiled Hardwood Flooring | Whitewashed Oak Flooring, Oil Finished Wood Floors | Unique Wood Floors",,"Buy Millennium Cavalli Oak Flooring for a whitewashed, oil finished wood floor in your home. Easy online ordering at Unique Wood Floors!"
FETK3434-CA-SAMPLE,1,millennium-cavalli-sample,,,
FETK3434-BR,1,millennium-barrique,"Millennium Barrique Oiled Hardwood Flooring | Whitewashed Oak Flooring, Oil Finished Wood Floors | Unique Wood Floors",,"Buy Millennium Barrique Oak Flooring for a whitewashed, oil finished wood floor in your home. Easy online ordering at Unique Wood Floors!"
FETK3434-BR-S,1,millennium-barrique-sample,,,
ACCWOCA527902A,2,woca-maintenance-gel-white,Woca Maintenance Gel White | Floorcare | Unique Wood Floors,,
ACCWOSO,1,woca-soap,WOCA Soap | Floor Care | Unique Wood Floors,,
ACCWOSON1,1,woca-soap-natural-1l,Woca Soap Natural | Floor Care | Unique Wood Floors,,
ACCWOSON2,1,woca-soap-natural-2-5l,WOCA Soap | Floor Care | Unique Wood Floors,,
ACCWOSOW1,1,woca-soap-white-1l,WOCA Soap | Floor Care | Unique Wood Floors,,
ACCWOSOW2,1,woca-soap-white-2-5l,WOCA Soap | Floor Care | Unique Wood Floors,,
ACCWOSOG1,1,woca-soap-grey-1l,WOCA Soap | Floor Care | Unique Wood Floors,,
ACCWORE,1,woca-oil-refresher,Woca Oil Refresher | Floor Care | Unique Wood Floors,,
ACCWOREN1,1,woca-oil-refresher,Woca Oil Refresher | Floor Care | Unique Wood Floors,,
ACCWOREN2,1,woca-oil-refresher-natural-2-5l,Woca Oil Refresher | Floor Care | Unique Wood Floors,,
ACCWOREW1,1,woca-oil-refresher-white-1l,Woca Oil Refresher | Floor Care | Unique Wood Floors,,
ACCWOREW2,1,woca-oil-refresher-white-2-5l,Woca Oil Refresher | Floor Care | Unique Wood Floors,,
 ACCWOM,1,woca-maintenance-gel,WOCA Maintenance Gel | Floor Care | Unique Wood Floors,,
 ACCWOMN,1,woca-maintenance-gel-natural,WOCA Maintenance Gel | Floor Care | Unique Wood Floors,,
 ACCWOMW,1,woca-maintenance-gel-white,WOCA Maintenance Gel | Floor Care | Unique Wood Floors,,
ACCWODM,1,woca-diamond-oil,WOCA Diamond Oil | Floor Care | Unique Wood Floors,,
ACCWODMN1,1,woca-diamond-oil-natural-1l,WOCA Diamond Oil | Floor Care | Unique Wood Floors,,
ACCWODMW1,1,woca-diamond-oil-white-1l,WOCA Diamond Oil | Floor Care | Unique Wood Floors,,
ACCWOESKIT,1,woca-essential-kit,WOCA Essential Kit | Floor Care | Unique Wood Floors,,
ACCWOESKITN,1,woca-essential-kit-natural,WOCA Essential Kit Natural | Floor Care | Unique Wood Floors,,
ACCWOESKITW,1,woca-essential-kit-white,WOCA Essential Kit White| Floor Care | Unique Wood Floors,,
ACCWOPRKIT,1,woca-premiere-kit,WOCA Premiere Kit | Floor Care | Unique Wood Floors,,
ACCWOPRKITN,1,woca-premiere-kit-natural,WOCA Essential Kit | Floor Care | Unique Wood Floors,,
ACCWOPRKITW,1,woca-premiere-kit-white,WOCA Premiere Kit | Floor Care | Unique Wood Floors,,
ACCWOMS,1,woca-master-oil,Woca Master Oil | Floor Care | Unique Wood Floors,,
ACCWOMSN1,1,woca-master-oil-natural-1l,Woca Master Oil | Floor Care | Unique Wood Floors,,
ACCWOMSN2,1,woca-master-oil-natural-2-5l,Woca Master Oil | Floor Care | Unique Wood Floors,,
ACCWOMSW1L,2,woca-master-oil-white-1l,Woca Master Oil | Floor Care | Unique Wood Floors,,
ACCWOMSW2,2,woca-master-oil-white-2-5l,Woca Master Oil | Floor Care | Unique Wood Floors,,
ACCWOSP,1,woca-soap-spray,WOCA Soap Spray | Floor Care | Unique Wood Floors,,
ACCWOSPN,1,woca-soap-spray-natural,WOCA Soap Spray | Floor Care | Unique Wood Floors,,
ACCWOSPW,1,woca-soap-spray-white,WOCA Soap Spray | Floor Care | Unique Wood Floors,,
ACCIRON-4,1,taylor-ironwood,,,
STU50238,1,cicerone-kolsch,Cicerone Kolsch | Factory Finished Engineered Hardwood Floors | Elegance Plyquet,,
STU50242,2,cicerone-marzen,Cicerone Marzen | Factory Finished Engineered Hardwood Floors | Elegance Plyquet,,
STU50241,1,cicerone-hefeweizen,Cicerone Hefeweizen | Factory Finished Engineered Hardwood Floors | Elegance Plyquet,,
STU50238-SAMPLE,1,cicerone-kolsch-sample,,,
STU50242-SAMPLE,2,cicerone-marzen-sample,,,
STU50241-SAMPLE,2,cicerone-hefewizen-sample,,,
ENGBP514,1,braz-pecan-eng5,"Brazilian Pecan 5 1/4"" x 1/2"" | Exotic Engineered Wood Flooring | Unique Wood Floors",,
ENGAME514,1,amendoim-eng5,Amendoim Hardwood Flooring | Prefinished Engineered Wood Flooring | Unique Wood Floors,,
ENGBT514,1,cumaru-eng5,"Cumaru Brazilian Teak 5 1/4"" x 1/2"" | Exotic Engineered Wood Flooring | Unique Wood Floors",,
ENGBW514,1,ipe-eng5,"Ipe Brazilian Walnut  5 1/4"" x 1/2"" | Triangulo Engineered Wood Flooring | Unique Wood Floors",,
ENGTW514,1,tigerwood-eng5,"Tigerwood Brazilian Koa  5 1/4"" x 1/2"" | Exotic Engineered Wood Flooring | Unique Wood Floors",,
ENGBC514,1,brazilian-cherry-eng5,"Jatoba Brazilian Cherry 5 1/4"" x 1/2"" | Exotic Engineered Wood Flooring | Exotic Wood Floors",,
WOCA684510A,1,woca-vinyl-and-lacquer-soap,WOCA Vinyl and Lacquer Soap | Floorcare | Unique Wood Floors,,
WPC-021547,1,arcadia,Arcadia Luxury Vinyl | Flooring Minneapolis St. Paul MN | Unique Wood Floors,,
WPC-021547-SAMPLE,2,arcadia-sample,,,
WPC-GMG101539,2,yosemite,Yosemite Luxury Vinyl | Flooring Minneapolis St. Paul MN | Unique Wood Floors,,
WPC-021558-S,1,sequoia-sample,,,
WPC-021558,1,sequoia,Sequoia Luxury Vinyl | Flooring Minneapolis St. Paul MN | Unique Wood Floors,,
WPC-GMG101539-SAMPLE,2,yosemite-sample,,,
WPC-021561,1,zion,Zion Luxury Vinyl | Flooring Minneapolis St. Paul MN | Unique Wood Floors,,
WPC-021561-SAMPLE,1,zion-sample,,,
ENGAME514-SAMPLE,1,amendoim-eng-sample,,,
ENGTW514-SAMPLE,1,tigerwood-eng-sample,,,
ENGBT514-SAMPLE,1,cumaru-eng-sample,,,
ENGBW514-SAMPLE,2,ipe-eng-sample,,,
ENGBC514-SAMPLE,1,brazilian-cherry-eng-sample,,,
ENGBP514-SAMPLE,1,brazilian-pecan-eng-sample,,,
ENGMOAKIB514,1,manoa-ibiza-eng5,"Manoa Oak Ibiza 5 1/4"" x 1/2"" | Triangulo Engineered Wood Flooring | Unique Wood Floors",,
ENGMOAKIB514-SAMPLE,2,manoa-ibiza-eng5-sample,,,
ENGBC712,1,brazilian-cherry-eng7,"Jatoba Brazilian Cherry 7-1/2"" x 5/8"" | Triangulo Extra Wide Engineered Wood Flooring | Unique Wood Floors",,
ENGBC712-SAMPLE,2,brazilian-cherry-eng7-sample,,,
ESPC021949,1,hemlock,Hemlock Luxury Vinyl | Flooring Minneapolis St. Paul MN | Unique Wood Floors,,
SPC-M80604-010,1,gritstone,Gritstone Luxury Vinyl | Flooring Minneapolis St. Paul MN | Unique Wood Floors,,
ESPC021948,1,stonyoak,Stony Oak | Unique Wood Floors,,
ESPC022099,1,linen,Linen | Unique Wood Floors,,
EP12C-MP35,1,centurion-maple-active,Centurion Collection Maple Active Flooring | Prefinished Engineered Hardwood Floors | Centurion Collection,,
ESPC021949-SAMPLE,1,hemlock-sample,,,
SPC-M80604-010-SAMPLE,1,gritstone-sample,,,
ESPC021948-SAMPLE,1,stonyoak-sample,,,
ESPC022099-SAMPLE,1,linen-sample,,,
EP12C-MP35-SAMPLE,2,centurion-maple-active-sample,,,
CT312H,1,centurion-hickory,Centurion Hickory Flooring | Prefinished Engineered Hardwood Floors | Centurion Collection,,
EP12C-HC35-SAMPLE,1,centurion-hickory-sample,,,
EP12C-WAL35,1,centurion-walnut,Centurion Walnut Flooring | Prefinished Engineered Hardwood Floors | Centurion Collection,,
EP12C-WAL35-S,1,centurion-walnut-sample,,,
MMTM,1,millennium-t-mold,Millennium Cavalli T-Mold | Unique Wood Floors,,
MMSTN48,1,millennium-flush-mount-stair-nose,Millennium Cavalli Flush Stair Nose | Unique Wood Floors,,
MMRD,1,millennium-reducer-flush-mount,Millennium Cavalli Flush Reducer | Unique Wood Floors,,
MMVENT,1,millennium-flush-vent,Millennium Cavalli Flush Vent | Unique Wood Floors,,
CT312M,2,centurion-maple-33,Centurion Collection Maple Flooring | Prefinished Engineered Hardwood Floors | Centurion Collection,,
EP12C-MP33-SAMPLE,1,centurion-maple-sample,,,
EP12TBX475,1,timberloft-acacia-herringbone,Timberloft Acacia Herringbone Hardwood Flooring | Unique Wood Floors,,"Shop Timberloft Acacia Herringbone hardwood flooring from Unique Wood Floors. Easy Online Ordering!
"
EP12TBX475-S,1,timberloft-acacia-herringbone-sample,,,
EP12TB5N,1,timberloft-acacia,Timberloft Acacia Hardwood Flooring | Unique Wood Floors,,"Shop Timberloft Acacia hardwood flooring from Unique Wood Floors. Easy Online Ordering!
"
EP12TB5N-S,1,timberloft-acacia-sample,,,
FETK3434-MT,1,millennium-montigo,Millennium Montigo Oiled Hardwood Flooring | Fumed Whitewashed French Oak Oil Finished Wood Floors | Unique Wood Floors,,"Buy Millennium Montigo Oak Flooring for a whitewashed, oil finished wood floor in your home. Easy online ordering at Unique Wood Floors!"
FETK3434-MT-S,2,millennium-montigo-sample,,,
TKRY50251,1,coastland-orage,Coastland Orage Flooring White Oak Flooring | French Oak Floors Factory Finished Engineered Hardwood,,
TKRY50251-SAMPLE,2,coastland-orage-sample,,,
TKCL50254,1,coastland-chardon,Coastland Chardon Flooring | Factory Finished Engineered Hardwood Floors,,
TKCL50254-SAMPLE,2,coastland-chardon-sample,,,
EPAFTM-CU,1,t-mold-78-cumaru,Cumaru T-Mold | Unique Wood Floors,,
EPAFStN78-CU,1,cumaru-flush-stair-nose,,,
EPAF18Rd-CU,1,cumaru-reducer,,,
AFVENTFL412-CU,1,cumaru-flush-vent,,,
EPAF18STN48-CU,1,cumaru-stair-nose,,,
WOCA565,1,woca-diamond-oil-active,WOCA Diamond Oil Active | Floor Care | Unique Wood Floors,,
WOCA565025A,1,woca-diamond-oil-active-natural-2-5l,WOCA Diamond Oil Active | Floor Care | Unique Wood Floors,,
WOCA565525A,1,woca-diamond-oil-active-white-2-5l,WOCA Diamond Oil Active | Floor Care | Unique Wood Floors,,
TKAT20011060-O,2,vintage-ivory-original,Vintage Ivory Flooring | Prefinished Engineered Hardwood Floors,,
TKAT20011060-O-SAMPLE,2,vintage-ivory-original-sample,,,
WOCA510902US,1,woca-lvt-tile-laminate-floor-cleaner,"WOCA Home Hardwood, LVT, Tile & Laminate Floor Cleaner | Floor Care | Unique Wood Floors",,
EPMAPAPPE040,1,canadian-maple,Canadian Maple Flooring | Prefinished Engineered Hardwood Floors | Canadian Collection,,
EPMAPAPPE040-S,1,canadian-maple-sample,,,
EPMAPAPP012,1,canadian-maple-toffee,Canadian Maple Toffee Hardwood Flooring | Maple Flooring,,Shop Canadian Maple hardwood flooring from Unique Wood Floors. Easy Online Ordering!
EPMAPAPP012-S,1,canadian-maple-toffee-sample,,,
EPMAPAPP011,1,canadian-maple-treebark,Canadian Maple Treebark Hardwood Flooring | Maple Flooring,,Shop Canadian Maple hardwood flooring from Unique Wood Floors. Easy Online Ordering!
EPMAPAPP011-S,1,canadian-maple-treebark-sample,,,
EPMAPAPP010,1,canadian-maple-natural,Canadian Maple Natural Hardwood Flooring | Maple Flooring,,Shop Canadian Maple hardwood flooring from Unique Wood Floors. Easy Online Ordering!
EPMAPAPP010-S,1,canadian-maple-natural-sample,,,
ESPC022014,1,canvas,Canvas Luxury Vinyl | Flooring Minneapolis St. Paul MN | Unique Wood Floors,,
ESPC022014-S,1,canvas-sample,,,
ESPC022098,1,seashell,Seashell Luxury Vinyl | Flooring Minneapolis St. Paul MN | Unique Wood Floors,,
ESPC022098-S,1,seashell-sample,,,
ESPC022096,1,hickory,Hickory Luxury Vinyl | Flooring Minneapolis St. Paul MN | Unique Wood Floors,,
ESPC022096-SAMPLE,2,hickory-sample,,,
SPC022019,1,nature-walnut,Nature Walnut Luxury Vinyl | Flooring Minneapolis St. Paul MN | Unique Wood Floors,,
SPC022019-S,1,nature-walnut-sample,,,
SPC022356,1,red-oak-mocha,Red Oak Mocha Luxury Vinyl | Flooring Minneapolis St. Paul MN | Unique Wood Floors,,
SPC022356-SAMPLE,2,red-oak-mocha-sample,,,
EPSH9106,1,tucci-spc,Tucci Luxury Vinyl | Flooring Minneapolis St. Paul MN | Unique Wood Floors,,
EPSH8017,1,luxe-spc,Luxe Luxury Vinyl | Flooring Minneapolis St. Paul MN | Unique Wood Floors,,
EPSH190LA,1,fairmont-spc,Fairmont Luxury Vinyl | Flooring Minneapolis St. Paul MN | Unique Wood Floors,,
EPSH190LE,1,scandia-spc,Scandia Luxury Vinyl | Flooring Minneapolis St. Paul MN | Unique Wood Floors,,
EPSH9106-S,2,tucci-sample,,,
EPSH8017-S,1,luxe-sample,,,
EPSH190LA-S,1,fairmont-sample,,,
EPSH190LE-S,1,scandia-sample,,,
FETK3434-UKM,1,millennium-maple-unik,"Millennium Maple Unik Oiled Hardwood Flooring | Maple Flooring, Oil Finished Wood Floors | Unique Wood Floors",,Buy Millennium Maple Unik Flooring for an oil finished wood floor in your home. Easy online ordering at Unique Wood Floors!
FETK3434-UKM-S,1,millennium-maple-unik-sample,,,
FSEP3402-GS358-0,2,acacia-sagebrush-old,Acacia Golden Sagebrush Plank Hardwood Flooring,,"Shop Acacia Golden Sagebrush Plank hardwood flooring from Unique Wood Floors. Easy Online Ordering!
"
FSEP3402-BZ358-O,1,acacia-bronze-alt,Acacia Bronze Plank Hardwood Flooring | Unique Wood Floors,,"Shop Acacia Bronze Plank hardwood flooring from Unique Wood Floors. Easy Online Ordering!
"
FSEP3402-HS5-O,2,acacia-natural-hs-closeout,Acacia Natural Hand Scraped Hardwood Flooring Closeout | Acacia Confusa Wood Floors | Elegance Plyquet Flooring,,"Shop Acacia Natural Hand Scraped hardwood flooring from Unique Wood Floors. Easy Online Ordering!
"
FETK91681,1,cicerone-white-ale,Cicerone White Ale | Factory Finished Engineered Hardwood Floors | Elegance Plyquet,,
FETK91681-SAMPLE,1,cicerone-white-ale-sample,,,
SPC022018,1,nature-red-oak,Nature Red Oak Luxury Vinyl | Flooring Minneapolis St. Paul MN | Unique Wood Floors,,
SPC022018-S,1,nature-red-oak-sample,,,
SPC031888,1,nature-maple,Nature Maple Luxury Vinyl | Flooring Minneapolis St. Paul MN | Unique Wood Floors,,
SPC031888-S,1,nature-maple-sample,,,
WOCA565005US,1,woca-diamond-oil-active-natural-8-5oz,WOCA Diamond Oil Active | Floor Care | Unique Wood Floors,,
WOCA565505US,1,woca-diamond-oil-active-natural-8-5oz,WOCA Diamond Oil Active | Floor Care | Unique Wood Floors,,
WOCA551005A,1,woca-tannin-spot-neutralizer,Woca Tannin Spot Neutralizer | Floor Care | Unique Wood Floors,,
VSQN,1,vinyl-square-nose,,,
VSQN-Hemlock,1,vinyl-square-nose-hemlock,,,
TKCL50277,1,coastland-nordic,Coastland Nordic Flooring | Factory Finished Engineered Hardwood Floors,,
TKCL50277-S,1,coastland-nordic-sample,,,
SPC-M80190-011,1,linen-closeout,Linen | Unique Wood Floors,,
sample-product,1,sample-product,,,
Brazilian Pecan Flush Vent,1,brazilian-pecan-flush-vent,Brazilian Pecan Flush Vent,Brazilian Pecan Flush Vent,Brazilian Pecan Flush Vent 
RDO-Maple,1,reducer-overlap-maple-1,Maple Overlap Reducer | Unique Wood Floors,,
RD-Maple,2,reducer-overlap-maple-2,Maple Overlap Reducer | Unique Wood Floors,,
EPSH1515D,1,monet-spc,Monet Luxury Vinyl | Flooring Minneapolis St. Paul MN | Unique Wood Floors,,
EPSH1515D-S,1,monet-sample,,,
EPSH1515B,1,ashford-spc,Ashford Luxury Vinyl | Flooring Minneapolis St. Paul MN | Unique Wood Floors,,
EPSH1515B-S,1,ashford-sample,,,
FETK3434-WSK-B,1,millennium-whisky-brown,"Millennium Whisky Brown Oiled Hardwood Flooring | Whitewashed Oak Flooring, Oil Finished Wood Floors | Unique Wood Floors",,"Buy Millennium Whisky Oak Flooring for a whitewashed, oil finished wood floor in your home. Easy online ordering at Unique Wood Floors!"
FETK3434-WSK-B-S,1,millennium-whisky-brown-sample,,,
EPSH190LD,1,lucca-1,Lucca Luxury Vinyl | Flooring Minneapolis St. Paul MN | Unique Wood Floors,,
EPSH190LD-SAMPLE,1,lucca-sample-1,,,
EPSH190LG,1,truro-2,Truro Luxury Vinyl | Flooring Minneapolis St. Paul MN | Unique Wood Floors,,
EPSH190LG-SAMPLE,1,truro-sample-2,,,
ESPC022493,1,fleetwood,Fleetwood ESPC Luxury Vinyl I Minneapolis St Paul MN I Unique Wood Floors,,
ESPC022493-S,1,fleetwood_sample,Fleetwood Sample,Fleetwood Sample,Fleetwood Sample 
ESPC012494-S,1,belmont_sample-1,Belmont Sample,Belmont Sample,Belmont Sample 
ESPC012494,1,belmont-1,Belmont ESPC Luxury Vinyl I Minneapolis St Paul MN I Unique Wood Floors,,
ESPC022548-S,1,princeton_sample-2,Princeton Sample,Princeton Sample,Princeton Sample 
ESPC022548,1,princeton-2,Princeton ESPC Luxury Vinyl I Minneapolis St Paul MN I Unique Wood Floors,,
EPSH0003,1,winter_ash,Winter Ash| Unique Wood Floors,,
EPSH0003-S,2,winterash-sample-1,,,
EPSH0308,1,summer_breeze,Summer Breeze| Unique Wood Floors,,
EPSH0308-S,1,summerbreeze-sample-2,,,
EPSH0307,1,autumn-sky-1,Autumn Sky| Unique Wood Floors,,
EPSH0307-S,1,autumnsky-sample-3,,,
WOCA599800,1,woca-spray-mop,Woca Spray Mop | Floorcare | Unique Wood Floors,,
EPSH291007-1,1,pearson_1,Pearson Luxury Vinyl Flooring Minneapolis MN Unique Wood Floors,Pearson Luxury Vinyl Flooring Minneapolis MN Unique Wood Floors,Pearson Luxury Vinyl Flooring Minneapolis MN Unique Wood Floors
EPSH291007-S,1,pearson-sample,,,
ESPC023051-1,1,arcadia-golden-1,Arcadia Golden Luxury Vinyl Flooring Minneapolis MN Unique Wood Floors,Arcadia Golden Luxury Vinyl Flooring Minneapolis MN Unique Wood Floors,Arcadia Golden Luxury Vinyl Flooring Minneapolis MN Unique Wood Floors
ESPC023051-S,1,arcadia-golden-sample-1,,,
ESPC022095-1,1,nordea-1,Nordea Luxury Vinyl Flooring Minneapolis MN Unique Wood Floors,Nordea Luxury Vinyl Flooring Minneapolis MN Unique Wood Floors,Nordea Luxury Vinyl Flooring Minneapolis MN Unique Wood Floors
ESPC022095-S,1,nordea-sample-2,,,
EPCG01003C,1,charm-cork-1,Charm Cork Flooring | Prefinished Engineered Cork Floors,,
EPCG01003C-SAMPLE,1,charm-cork-sample-1,,,
EPCG21003D,1,desire-cork-2,Desire Cork Flooring | Prefinished Engineered Cork Floors,,
EPCG21003D-SAMPLE,1,desire-cork-sample-2,,,
EPCW8E001S,1,originals-shell-cork,Originals Shell Cork Flooring | Prefinished Engineered Cork Floors,,
EPCW8E001S-SAMPLE,1,originals-shell-cork-sample,,,
EPCW4M001T,1,traces-tea-cork-1,Traces Tea Cork Flooring | Prefinished Engineered Cork Floors,,
EPCW4M001T-SAMPLE,1,traces-tea-cork-sample-1,,,
EPCW8B001T,1,traces-natural-cork,Traces Natural Cork Flooring | Prefinished Engineered Cork Floors,,
EPCW8B001T-SAMPLE,1,traces-natural-cork-sample-2,,,
EPTBKL02,1,vista-atflex,Vista Atflex | Prefinished Engineered Hardwood Floors | Elegance Plyquet,,
EPTBKL02-S,1,vista-atflex-sample-1,,,
EPTBKL04,1,vista-astrid-1,Vista Astrid | Prefinished Engineered Hardwood Floors | Elegance Plyquet,,
EPTBKL05-S,1,vista-maxima-sample-2,,,
EPCG822001W,1,whim-cork-3,Whim Cork Flooring | Prefinished Engineered Cork Floors,,
EPCG822001W-S,1,whim-cork-sample-3,,,
EPTBKL05,1,vista-maxima-2,Vista Maxima | Prefinished Engineered Hardwood Floors | Elegance Plyquet,,
EPTBKL04-S,1,vista-astrid-sample-3,,,
EPCC916-ED7,1,city-crave-edinburgh,City Crave Edinburgh | Prefinished Engineered Hardwood Floors | Elegance Plyquet,,
EPCC916-ED7-S,1,city-crave-edinburgh-sample-4,,,
EPCC916-GL7,1,city-crave-glasgow-1,City Crave Glasgow | Prefinished Engineered Hardwood Floors | Elegance Plyquet,,
EPCC916-GL7-S,1,city-crave-glasgow-sample-5,,,
EPCC916-CV7,1,city-crave-coventry,City Crave Coventry | Prefinished Engineered Hardwood Floors | Elegance Plyquet,,
EPCC916-CV7-S,1,city-crave-coventry-sample,,,
EPCC916-AB7,1,city-crave-aberdeen,City Crave Aberdeen| Prefinished Engineered Hardwood Floors | Elegance Plyquet,,
EPCC916-AB7-S,1,city-crave-aberdeen-sample,,,
WOCA599815,1,woca-swep-mop-red-replacement head,Woca Swep Mop Red | Floorcare | Unique Wood Floors,,
WOCA531925US,1,woca-master-oil-walnut-2-5l-1,Woca Master Oil | Floor Care | Unique Wood Floors,,
EPROAPPE040N,1,canadian-redoak,Canadian Red Oak Flooring | Prefinished Engineered Hardwood Floors | Canadian Collection,,
EPROAPPE040N-S,1,canadian-redoak-sample,,,
EPROAPPA030N,1,canadian-red-oak-natural,Canadian Red Oak Natural Hardwood Flooring | Red Oak Flooring,,Shop Canadian Red Oak hardwood flooring from Unique Wood Floors. Easy Online Ordering!
EPROAPPA030N-S,1,canadian-red-oak-natural-sample,,,
WOCATEST,1,woca-master-oil-sample,Woca Master Oil | Floor Care | Unique Wood Floors,,
WOCATEST-Natural,1,woca-master-oil-tester-sample-natural,Woca Master Oil | Floor Care | Unique Wood Floors,,
WOCATEST-White,1,woca-master-oil-tester-sample-white,Woca Master Oil | Floor Care | Unique Wood Floors,,
WPC-GMG024628,1,essex_1,Essex Luxury Vinyl Flooring Minneapolis MN Unique Wood Floors,Essex Luxury Vinyl Flooring Minneapolis MN Unique Wood Floors,Essex Luxury Vinyl Flooring Minneapolis MN Unique Wood Floors
WPC-GMG024628-S,1,essex-sample-1,,,
WPC-GMG024633,1,sheridan_1,Sheridan Luxury Vinyl Flooring Minneapolis MN Unique Wood Floors,Sheridan Luxury Vinyl Flooring Minneapolis MN Unique Wood Floors,Sheridan Luxury Vinyl Flooring Minneapolis MN Unique Wood Floors
WPC-GMG024633-S,1,sheridan-sample-2,,,
WPC-GMG024632,1,lille_1-1,Lille Luxury Vinyl Flooring Minneapolis MN Unique Wood Floors,Lille Luxury Vinyl Flooring Minneapolis MN Unique Wood Floors,Lille Luxury Vinyl Flooring Minneapolis MN Unique Wood Floors
WPC-GMG024632-S,1,lille-sample-2,,,
WPC-021561-1,1,zion-1,Zion Luxury Vinyl | Flooring Minneapolis St. Paul MN | Unique Wood Floors,,
TKRY50275,1,coastland-oslo,Coastland Oslo Flooring | Factory Finished Engineered Hardwood Floors,,
TKRY50275-S,1,coastland-oslo-sample,,,
ENGAMW514,1,amazon-oak-wheat,"Amazon Oak Wheat 5 1/4"" x 1/2"" | Exotic Engineered Wood Flooring | Unique Wood Floors",,
ENGAMW514-S,1,amazon-oak-wheat-sample,,,
